kod;qr_adresa
DK243AKE;https://dokosti.cz/k/DK243AKE
DK2L93VN;https://dokosti.cz/k/DK2L93VN
DK2W7A3W;https://dokosti.cz/k/DK2W7A3W
DK38KDP7;https://dokosti.cz/k/DK38KDP7
DK3K2TP2;https://dokosti.cz/k/DK3K2TP2
DK4N7Y8Z;https://dokosti.cz/k/DK4N7Y8Z
DK58QEMJ;https://dokosti.cz/k/DK58QEMJ
DK5AUGS3;https://dokosti.cz/k/DK5AUGS3
DK5CHHFK;https://dokosti.cz/k/DK5CHHFK
DK5KER8M;https://dokosti.cz/k/DK5KER8M
DK5KKMLG;https://dokosti.cz/k/DK5KKMLG
DK5N26D4;https://dokosti.cz/k/DK5N26D4
DK5NFR8W;https://dokosti.cz/k/DK5NFR8W
DK5T3VQ4;https://dokosti.cz/k/DK5T3VQ4
DK5ZBZ2A;https://dokosti.cz/k/DK5ZBZ2A
DK6LHX45;https://dokosti.cz/k/DK6LHX45
DK6V84F7;https://dokosti.cz/k/DK6V84F7
DK6V93YT;https://dokosti.cz/k/DK6V93YT
DK6WDAPQ;https://dokosti.cz/k/DK6WDAPQ
DK7FWDS9;https://dokosti.cz/k/DK7FWDS9
DK7WMRTZ;https://dokosti.cz/k/DK7WMRTZ
DK8CYNKB;https://dokosti.cz/k/DK8CYNKB
DK8UYBE6;https://dokosti.cz/k/DK8UYBE6
DK95V93H;https://dokosti.cz/k/DK95V93H
DK9CDN9Z;https://dokosti.cz/k/DK9CDN9Z
DK9NV6QG;https://dokosti.cz/k/DK9NV6QG
DK9UBH24;https://dokosti.cz/k/DK9UBH24
DK9WWM5Y;https://dokosti.cz/k/DK9WWM5Y
DKAZCHZD;https://dokosti.cz/k/DKAZCHZD
DKBM5U9M;https://dokosti.cz/k/DKBM5U9M
DKBPME62;https://dokosti.cz/k/DKBPME62
DKBQ5QGE;https://dokosti.cz/k/DKBQ5QGE
DKBZ9U6A;https://dokosti.cz/k/DKBZ9U6A
DKCF2XJS;https://dokosti.cz/k/DKCF2XJS
DKD3BEPK;https://dokosti.cz/k/DKD3BEPK
DKDV855Y;https://dokosti.cz/k/DKDV855Y
DKF2WQGH;https://dokosti.cz/k/DKF2WQGH
DKFBM6JA;https://dokosti.cz/k/DKFBM6JA
DKFC8VHU;https://dokosti.cz/k/DKFC8VHU
DKG59JNX;https://dokosti.cz/k/DKG59JNX
DKG6K4LV;https://dokosti.cz/k/DKG6K4LV
DKG8MJ25;https://dokosti.cz/k/DKG8MJ25
DKGC7K5N;https://dokosti.cz/k/DKGC7K5N
DKGV5NK4;https://dokosti.cz/k/DKGV5NK4
DKHS5BBB;https://dokosti.cz/k/DKHS5BBB
DKJ5ZZN5;https://dokosti.cz/k/DKJ5ZZN5
DKJNSPZZ;https://dokosti.cz/k/DKJNSPZZ
DKJQJVXT;https://dokosti.cz/k/DKJQJVXT
DKJW5JJK;https://dokosti.cz/k/DKJW5JJK
DKKAMWP5;https://dokosti.cz/k/DKKAMWP5
DKKAYQM4;https://dokosti.cz/k/DKKAYQM4
DKKJ2385;https://dokosti.cz/k/DKKJ2385
DKKLMSV7;https://dokosti.cz/k/DKKLMSV7
DKL2RCPS;https://dokosti.cz/k/DKL2RCPS
DKL3JMN6;https://dokosti.cz/k/DKL3JMN6
DKL3MT38;https://dokosti.cz/k/DKL3MT38
DKLSDT3W;https://dokosti.cz/k/DKLSDT3W
DKM3JPFC;https://dokosti.cz/k/DKM3JPFC
DKM8HEAN;https://dokosti.cz/k/DKM8HEAN
DKMNNGLT;https://dokosti.cz/k/DKMNNGLT
DKMTR5E4;https://dokosti.cz/k/DKMTR5E4
DKNGX29U;https://dokosti.cz/k/DKNGX29U
DKP79XTP;https://dokosti.cz/k/DKP79XTP
DKPAEPME;https://dokosti.cz/k/DKPAEPME
DKPB66TJ;https://dokosti.cz/k/DKPB66TJ
DKPVR488;https://dokosti.cz/k/DKPVR488
DKQHC5C2;https://dokosti.cz/k/DKQHC5C2
DKQJ2DLE;https://dokosti.cz/k/DKQJ2DLE
DKQUAW82;https://dokosti.cz/k/DKQUAW82
DKRGXYC6;https://dokosti.cz/k/DKRGXYC6
DKRXUKKA;https://dokosti.cz/k/DKRXUKKA
DKRZ2G34;https://dokosti.cz/k/DKRZ2G34
DKS75QML;https://dokosti.cz/k/DKS75QML
DKT3VF8G;https://dokosti.cz/k/DKT3VF8G
DKT8EW4M;https://dokosti.cz/k/DKT8EW4M
DKTEZX8J;https://dokosti.cz/k/DKTEZX8J
DKTFSEMU;https://dokosti.cz/k/DKTFSEMU
DKTPTBSU;https://dokosti.cz/k/DKTPTBSU
DKTRQ47U;https://dokosti.cz/k/DKTRQ47U
DKTTPEMB;https://dokosti.cz/k/DKTTPEMB
DKTXJ2KA;https://dokosti.cz/k/DKTXJ2KA
DKU6NXBH;https://dokosti.cz/k/DKU6NXBH
DKUML77M;https://dokosti.cz/k/DKUML77M
DKUXDDY9;https://dokosti.cz/k/DKUXDDY9
DKVL5AVZ;https://dokosti.cz/k/DKVL5AVZ
DKVPRGQ2;https://dokosti.cz/k/DKVPRGQ2
DKVUXJ42;https://dokosti.cz/k/DKVUXJ42
DKVX5BFM;https://dokosti.cz/k/DKVX5BFM
DKW3K4NF;https://dokosti.cz/k/DKW3K4NF
DKWJHKKL;https://dokosti.cz/k/DKWJHKKL
DKX2JXZE;https://dokosti.cz/k/DKX2JXZE
DKXDZBJN;https://dokosti.cz/k/DKXDZBJN
DKXPTFVX;https://dokosti.cz/k/DKXPTFVX
DKXYVY4W;https://dokosti.cz/k/DKXYVY4W
DKYDWDBK;https://dokosti.cz/k/DKYDWDBK
DKYGWDGJ;https://dokosti.cz/k/DKYGWDGJ
DKYJA6TM;https://dokosti.cz/k/DKYJA6TM
DKZ94MK6;https://dokosti.cz/k/DKZ94MK6
DKZH5H4W;https://dokosti.cz/k/DKZH5H4W
DKZK8ZG7;https://dokosti.cz/k/DKZK8ZG7